-- phpMyAdmin SQL Dump
-- version 5.2.1
-- https://www.phpmyadmin.net/
--
-- Host: 127.0.0.1
-- Generation Time: Jun 20, 2023 at 06:36 AM
-- Server version: 10.4.28-MariaDB
-- PHP Version: 8.2.4

SET SQL_MODE = "NO_AUTO_VALUE_ON_ZERO";
START TRANSACTION;
SET time_zone = "+00:00";


/*!40101 SET @OLD_CHARACTER_SET_CLIENT=@@CHARACTER_SET_CLIENT */;
/*!40101 SET @OLD_CHARACTER_SET_RESULTS=@@CHARACTER_SET_RESULTS */;
/*!40101 SET @OLD_COLLATION_CONNECTION=@@COLLATION_CONNECTION */;
/*!40101 SET NAMES utf8mb4 */;

--
-- Database: `gallery`
--

-- --------------------------------------------------------

--
-- Table structure for table `category`
--

CREATE TABLE `category` (
  `id` int(11) NOT NULL,
  `name` varchar(255) NOT NULL,
  `created_at` datetime(6) NOT NULL,
  `updated_at` datetime(6) DEFAULT NULL,
  `is_del` tinyint(1) NOT NULL DEFAULT 0 COMMENT '0 = Active, 1 = Deactive'
) ENGINE=InnoDB DEFAULT CHARSET=utf8mb4 COLLATE=utf8mb4_general_ci;

--
-- Dumping data for table `category`
--

INSERT INTO `category` (`id`, `name`, `created_at`, `updated_at`, `is_del`) VALUES
(2, 'Model', '2023-05-30 12:57:00.000000', NULL, 0),
(3, 'Fashion Designer', '2023-05-31 05:43:00.000000', NULL, 0);

-- --------------------------------------------------------

--
-- Table structure for table `comment`
--

CREATE TABLE `comment` (
  `id` int(11) NOT NULL,
  `user_id` int(11) NOT NULL,
  `person_id` int(11) NOT NULL,
  `comment` text NOT NULL,
  `created_at` datetime(6) NOT NULL,
  `is_del` tinyint(1) NOT NULL DEFAULT 0 COMMENT '0 = Active, 1 = Deactive'
) ENGINE=InnoDB DEFAULT CHARSET=utf8mb4 COLLATE=utf8mb4_general_ci;

--
-- Dumping data for table `comment`
--

INSERT INTO `comment` (`id`, `user_id`, `person_id`, `comment`, `created_at`, `is_del`) VALUES
(1, 8, 6, 'nice', '2023-06-07 11:45:00.000000', 0),
(2, 9, 8, 'very nice', '2022-05-07 12:48:00.000000', 0),
(3, 9, 7, 'ABC', '2023-06-07 11:49:00.000000', 0),
(4, 8, 8, 'ngnjgng', '2023-06-07 11:51:00.000000', 0);

-- --------------------------------------------------------

--
-- Table structure for table `con_message`
--

CREATE TABLE `con_message` (
  `id` int(11) NOT NULL,
  `user_id` int(11) NOT NULL,
  `name` varchar(255) NOT NULL,
  `title` varchar(255) NOT NULL,
  `message` text NOT NULL,
  `created_at` datetime(6) NOT NULL,
  `updated_at` datetime(6) DEFAULT NULL,
  `is_del` tinyint(1) NOT NULL DEFAULT 0 COMMENT '0 = Active, 1 = Deactive'
) ENGINE=InnoDB DEFAULT CHARSET=utf8mb4 COLLATE=utf8mb4_general_ci;

-- --------------------------------------------------------

--
-- Table structure for table `images`
--

CREATE TABLE `images` (
  `id` int(11) NOT NULL,
  `person_id` int(11) NOT NULL,
  `images` text DEFAULT NULL,
  `video` text DEFAULT NULL,
  `created_at` datetime(6) NOT NULL,
  `updated_at` datetime(6) DEFAULT NULL,
  `is_del` tinyint(1) NOT NULL DEFAULT 0 COMMENT '0 = Active, 1 = Deactive'
) ENGINE=InnoDB DEFAULT CHARSET=utf8mb4 COLLATE=utf8mb4_general_ci;

--
-- Dumping data for table `images`
--

INSERT INTO `images` (`id`, `person_id`, `images`, `video`, `created_at`, `updated_at`, `is_del`) VALUES
(5, 7, '6939379d6013955167826f26af0008ce.jpg', '', '2023-05-30 09:31:00.000000', '2023-05-30 11:00:00.000000', 0),
(6, 6, '41eadcc98dbb5f183fa3ed61668737ed.jpg', '', '2023-05-30 09:31:00.000000', NULL, 0),
(9, 6, '4acd6483d7aeafdab13e3ce5a565110b.jpg', '', '2023-05-30 12:33:00.000000', NULL, 0),
(10, 8, '31895220b3fe3e8e119ddd1921875f9f.jpg', '', '2023-05-30 13:04:00.000000', NULL, 0),
(11, 8, '25fe4c6cd7c6b1e104ec6c5bcb94d834.jpg', '', '2023-05-30 13:04:00.000000', NULL, 0),
(12, 8, '24f08e48217c9b359d69e25f886c05da.jpg', '', '2023-05-30 13:04:00.000000', NULL, 0),
(13, 7, '', 'efbd1f4e602147754a085074da7f8c88.mp4', '2023-05-31 10:07:00.000000', NULL, 0),
(14, 6, 'b0dde906248d2a8be8eafa92eb4840a0.png', '', '2023-06-01 07:16:00.000000', NULL, 0),
(15, 8, '', 'f0dac00a53efe9c8ed31156bc62d731b.mp4', '2023-06-01 07:16:00.000000', '2023-06-01 10:06:00.000000', 0),
(16, 7, '', '917552e7aca99ef54891a93005af4599.mp4', '2023-06-06 05:55:00.000000', NULL, 0);

-- --------------------------------------------------------

--
-- Table structure for table `person`
--

CREATE TABLE `person` (
  `id` int(11) NOT NULL,
  `category_id` int(11) NOT NULL,
  `name` varchar(255) NOT NULL,
  `description` text NOT NULL,
  `image` text NOT NULL,
  `age` int(11) NOT NULL,
  `birthdate` varchar(255) NOT NULL,
  `gender` tinyint(1) NOT NULL DEFAULT 0 COMMENT '0 = Male, 1 = Female',
  `city` varchar(255) DEFAULT NULL,
  `married_status` tinyint(1) NOT NULL DEFAULT 0 COMMENT '0 = Unmarried, 1 = Married',
  `annual_income` varchar(255) DEFAULT NULL,
  `trending` int(11) NOT NULL DEFAULT 0,
  `created_at` datetime(6) NOT NULL,
  `updated_at` datetime(6) DEFAULT NULL,
  `is_del` tinyint(1) NOT NULL DEFAULT 0 COMMENT '0 = Active, 1 = Deactive'
) ENGINE=InnoDB DEFAULT CHARSET=utf8mb4 COLLATE=utf8mb4_general_ci;

--
-- Dumping data for table `person`
--

INSERT INTO `person` (`id`, `category_id`, `name`, `description`, `image`, `age`, `birthdate`, `gender`, `city`, `married_status`, `annual_income`, `trending`, `created_at`, `updated_at`, `is_del`) VALUES
(6, 3, 'Meet lakhani', 'Fashion design is the art of applying design, aesthetics, clothing construction and natural beauty to clothing and its accessories. It is influenced by culture and different trends, and has varied over time and place. \"A fashion designer creates clothing, including dresses, suits, pants, and skirts, and accessories like shoes and handbags, for consumers. He or she can specialize in clothing, accessory, or jewelry design, or may work in more than one of these areas.\"', 'edb5a63ac8edffcd29304dbda9ccd88b.jpg', 22, '2001-02-06', 0, 'Surat', 0, '25000', 419, '2023-05-30 09:30:00.000000', '2023-06-02 07:29:00.000000', 0),
(7, 2, 'Vasi', 'A model is a person who has the job of using their body to pose for art, or to show fashion items, such as clothes or jewellery. Models often appear in advertising on television and in print media, for example newspapers and magazines, or on the web.', '548149990217b927a14631ba7c865faf.jpg', 27, '1996-03-14', 1, 'usa', 0, '50000', 113, '2023-05-30 10:26:00.000000', '2023-06-02 07:28:00.000000', 0),
(8, 2, 'Meet', 'A model is a person who has the job of using their body to pose for art, or to show fashion items, such as clothes or jewellery. Models often appear in advertising on television and in print media, for example newspapers and magazines, or on the web.', 'ae45377cbf7b7e41b5ed9d58f1268610.jpg', 0, '2023-05-09', 0, '', 0, '', 194, '2023-05-30 13:03:00.000000', '2023-06-02 07:28:00.000000', 0);

-- --------------------------------------------------------

--
-- Table structure for table `slider_img`
--

CREATE TABLE `slider_img` (
  `id` int(11) NOT NULL,
  `title` varchar(255) NOT NULL,
  `image` varchar(255) NOT NULL,
  `created_at` datetime(6) NOT NULL,
  `updated_at` datetime(6) DEFAULT NULL,
  `is_del` tinyint(4) NOT NULL DEFAULT 0 COMMENT '0 = Active, 1 = Deactive'
) ENGINE=InnoDB DEFAULT CHARSET=utf8mb4 COLLATE=utf8mb4_general_ci;

--
-- Dumping data for table `slider_img`
--

INSERT INTO `slider_img` (`id`, `title`, `image`, `created_at`, `updated_at`, `is_del`) VALUES
(2, 'Two', '90365fb47027585e4cf53703abf81195.jpg', '2023-06-14 09:07:00.000000', '2023-06-17 09:49:00.000000', 0),
(3, 'Three', 'deee6c44b38c693930ecce8297764497.jpg', '2023-06-14 09:41:00.000000', NULL, 0),
(4, 'Foure', '18f812f230c74f0489905987afc8572c.jpg', '2023-06-14 09:41:00.000000', NULL, 0);

-- --------------------------------------------------------

--
-- Table structure for table `top_view`
--

CREATE TABLE `top_view` (
  `id` int(11) NOT NULL,
  `category_id` int(11) NOT NULL,
  `person_id` int(11) NOT NULL,
  `created_at` datetime(6) NOT NULL
) ENGINE=InnoDB DEFAULT CHARSET=utf8mb4 COLLATE=utf8mb4_general_ci;

--
-- Dumping data for table `top_view`
--

INSERT INTO `top_view` (`id`, `category_id`, `person_id`, `created_at`) VALUES
(1, 3, 6, '2023-06-02 00:00:00.000000'),
(2, 3, 6, '2023-06-02 00:00:00.000000'),
(3, 2, 7, '2023-06-02 00:00:00.000000'),
(4, 2, 7, '2023-06-02 00:00:00.000000'),
(5, 3, 6, '2023-06-02 00:00:00.000000'),
(6, 2, 7, '2023-06-02 00:00:00.000000'),
(7, 3, 6, '2023-06-02 00:00:00.000000'),
(8, 2, 8, '2023-05-02 00:00:00.000000'),
(9, 3, 6, '2023-06-02 00:00:00.000000'),
(10, 2, 8, '2023-08-02 00:00:00.000000'),
(11, 3, 6, '2023-06-05 00:00:00.000000'),
(12, 2, 8, '2023-05-05 00:00:00.000000'),
(13, 3, 6, '2023-06-06 00:00:00.000000'),
(14, 2, 7, '2023-06-06 00:00:00.000000'),
(15, 2, 7, '2023-06-06 00:00:00.000000'),
(16, 2, 7, '2023-06-06 00:00:00.000000'),
(17, 2, 7, '2023-06-06 00:00:00.000000'),
(18, 2, 7, '2023-06-06 00:00:00.000000'),
(19, 3, 6, '2023-06-06 00:00:00.000000'),
(20, 3, 6, '2023-06-06 00:00:00.000000'),
(21, 3, 6, '2023-06-06 00:00:00.000000'),
(22, 2, 7, '2023-06-06 00:00:00.000000'),
(23, 3, 6, '2023-06-06 00:00:00.000000'),
(24, 3, 6, '2023-06-06 00:00:00.000000'),
(25, 3, 6, '2023-06-06 00:00:00.000000'),
(26, 3, 6, '2023-06-06 00:00:00.000000'),
(27, 3, 6, '2023-06-06 00:00:00.000000'),
(28, 3, 6, '2023-06-06 00:00:00.000000'),
(29, 3, 6, '2023-06-06 00:00:00.000000'),
(30, 3, 6, '2023-06-06 00:00:00.000000'),
(31, 3, 6, '2023-06-06 00:00:00.000000'),
(32, 3, 6, '2023-06-06 00:00:00.000000'),
(33, 2, 7, '2023-06-06 00:00:00.000000'),
(34, 2, 8, '2023-06-06 00:00:00.000000'),
(35, 2, 7, '2023-06-06 00:00:00.000000'),
(36, 2, 7, '2023-06-06 00:00:00.000000'),
(37, 2, 7, '2023-06-06 00:00:00.000000'),
(38, 2, 7, '2023-06-06 00:00:00.000000'),
(39, 2, 7, '2023-06-06 00:00:00.000000'),
(40, 2, 7, '2023-06-06 00:00:00.000000'),
(41, 2, 7, '2023-06-06 00:00:00.000000'),
(42, 2, 7, '2023-06-06 00:00:00.000000'),
(43, 2, 7, '2023-06-06 00:00:00.000000'),
(44, 2, 7, '2023-06-06 00:00:00.000000'),
(45, 2, 7, '2023-06-06 00:00:00.000000'),
(46, 2, 7, '2023-06-06 00:00:00.000000'),
(47, 2, 7, '2023-06-06 00:00:00.000000'),
(48, 2, 7, '2023-06-06 00:00:00.000000'),
(49, 2, 7, '2023-06-06 00:00:00.000000'),
(50, 2, 7, '2023-06-06 00:00:00.000000'),
(51, 2, 7, '2023-06-06 00:00:00.000000'),
(52, 2, 7, '2023-06-06 00:00:00.000000'),
(53, 2, 7, '2023-06-06 00:00:00.000000'),
(54, 2, 7, '2023-06-06 00:00:00.000000'),
(55, 2, 7, '2023-06-06 00:00:00.000000'),
(56, 2, 7, '2023-06-06 00:00:00.000000'),
(57, 2, 7, '2023-06-06 00:00:00.000000'),
(58, 2, 7, '2023-06-06 00:00:00.000000'),
(59, 2, 7, '2023-06-06 00:00:00.000000'),
(60, 2, 7, '2023-06-06 00:00:00.000000'),
(61, 2, 7, '2023-06-06 00:00:00.000000'),
(62, 2, 7, '2023-06-06 00:00:00.000000'),
(63, 2, 7, '2023-06-06 00:00:00.000000'),
(64, 2, 7, '2023-06-06 00:00:00.000000'),
(65, 2, 7, '2023-06-06 00:00:00.000000'),
(66, 2, 7, '2023-06-06 00:00:00.000000'),
(67, 2, 7, '2023-06-06 00:00:00.000000'),
(68, 2, 7, '2023-06-06 00:00:00.000000'),
(69, 2, 7, '2023-06-06 00:00:00.000000'),
(70, 2, 7, '2023-06-06 00:00:00.000000'),
(71, 2, 7, '2023-06-06 00:00:00.000000'),
(72, 2, 7, '2023-06-06 00:00:00.000000'),
(73, 2, 7, '2023-06-06 00:00:00.000000'),
(74, 2, 7, '2023-06-06 00:00:00.000000'),
(75, 2, 7, '2023-06-06 00:00:00.000000'),
(76, 2, 7, '2023-06-06 00:00:00.000000'),
(77, 2, 7, '2023-06-06 00:00:00.000000'),
(78, 2, 7, '2023-06-06 00:00:00.000000'),
(79, 2, 7, '2023-06-06 00:00:00.000000'),
(80, 2, 7, '2023-06-06 00:00:00.000000'),
(81, 2, 7, '2023-06-06 00:00:00.000000'),
(82, 2, 7, '2023-06-06 00:00:00.000000'),
(83, 2, 7, '2023-06-06 00:00:00.000000'),
(84, 2, 7, '2023-06-06 00:00:00.000000'),
(85, 2, 7, '2023-06-06 00:00:00.000000'),
(86, 2, 7, '2023-06-06 00:00:00.000000'),
(87, 2, 7, '2023-06-06 00:00:00.000000'),
(88, 2, 7, '2023-06-06 00:00:00.000000'),
(89, 3, 6, '2023-06-06 00:00:00.000000'),
(90, 3, 6, '2023-06-06 00:00:00.000000'),
(91, 3, 6, '2023-06-06 00:00:00.000000'),
(92, 2, 7, '2023-06-06 00:00:00.000000'),
(93, 2, 8, '2023-06-06 00:00:00.000000'),
(94, 2, 7, '2023-06-06 00:00:00.000000'),
(95, 2, 8, '2023-06-06 00:00:00.000000'),
(96, 2, 8, '2023-06-06 00:00:00.000000'),
(97, 2, 8, '2023-06-06 00:00:00.000000'),
(98, 2, 7, '2023-06-06 00:00:00.000000'),
(99, 2, 8, '2023-06-06 00:00:00.000000'),
(100, 3, 6, '2023-06-06 00:00:00.000000'),
(101, 2, 8, '2023-06-06 00:00:00.000000'),
(102, 2, 8, '2023-06-06 00:00:00.000000'),
(103, 2, 8, '2023-06-06 00:00:00.000000'),
(104, 2, 8, '2023-06-07 00:00:00.000000'),
(105, 2, 8, '2023-06-07 00:00:00.000000'),
(106, 2, 8, '2023-06-07 00:00:00.000000'),
(107, 2, 8, '2023-06-07 00:00:00.000000'),
(108, 2, 8, '2023-06-07 00:00:00.000000'),
(109, 2, 8, '2023-06-07 00:00:00.000000'),
(110, 2, 8, '2023-06-07 00:00:00.000000'),
(111, 2, 8, '2023-06-07 00:00:00.000000'),
(112, 2, 8, '2023-06-07 00:00:00.000000'),
(113, 2, 8, '2023-06-07 00:00:00.000000'),
(114, 2, 8, '2023-06-07 00:00:00.000000'),
(115, 2, 8, '2023-06-07 00:00:00.000000'),
(116, 2, 8, '2023-06-07 00:00:00.000000'),
(117, 2, 8, '2023-06-07 00:00:00.000000'),
(118, 2, 8, '2023-06-07 00:00:00.000000'),
(119, 2, 8, '2023-06-07 00:00:00.000000'),
(120, 2, 8, '2023-06-07 00:00:00.000000'),
(121, 2, 7, '2023-06-07 00:00:00.000000'),
(122, 2, 7, '2023-06-07 00:00:00.000000'),
(123, 2, 7, '2023-06-07 00:00:00.000000'),
(124, 2, 7, '2023-06-07 00:00:00.000000'),
(125, 2, 7, '2023-06-07 00:00:00.000000'),
(126, 2, 7, '2023-06-07 00:00:00.000000'),
(127, 2, 7, '2023-06-07 00:00:00.000000'),
(128, 2, 7, '2023-06-07 00:00:00.000000'),
(129, 2, 7, '2023-06-07 00:00:00.000000'),
(130, 2, 7, '2023-06-07 00:00:00.000000'),
(131, 3, 6, '2023-06-07 00:00:00.000000'),
(132, 3, 6, '2023-06-07 00:00:00.000000'),
(133, 3, 6, '2023-06-07 00:00:00.000000'),
(134, 3, 6, '2023-06-07 00:00:00.000000'),
(135, 3, 6, '2023-06-07 00:00:00.000000'),
(136, 3, 6, '2023-06-07 00:00:00.000000'),
(137, 3, 6, '2023-06-07 00:00:00.000000'),
(138, 3, 6, '2023-06-07 00:00:00.000000'),
(139, 3, 6, '2023-06-07 00:00:00.000000'),
(140, 3, 6, '2023-06-07 00:00:00.000000'),
(141, 3, 6, '2023-06-07 00:00:00.000000'),
(142, 3, 6, '2023-06-07 00:00:00.000000'),
(143, 3, 6, '2023-06-07 00:00:00.000000'),
(144, 3, 6, '2023-06-07 00:00:00.000000'),
(145, 3, 6, '2023-06-07 00:00:00.000000'),
(146, 3, 6, '2023-06-07 00:00:00.000000'),
(147, 3, 6, '2023-06-07 00:00:00.000000'),
(148, 3, 6, '2023-06-07 00:00:00.000000'),
(149, 3, 6, '2023-06-07 00:00:00.000000'),
(150, 3, 6, '2023-06-07 00:00:00.000000'),
(151, 3, 6, '2023-06-07 00:00:00.000000'),
(152, 3, 6, '2023-06-07 00:00:00.000000'),
(153, 3, 6, '2023-06-07 00:00:00.000000'),
(154, 3, 6, '2023-06-07 00:00:00.000000'),
(155, 3, 6, '2023-06-07 00:00:00.000000'),
(156, 3, 6, '2023-06-07 00:00:00.000000'),
(157, 3, 6, '2023-06-07 00:00:00.000000'),
(158, 3, 6, '2023-06-07 00:00:00.000000'),
(159, 3, 6, '2023-06-07 00:00:00.000000'),
(160, 2, 8, '2023-06-07 00:00:00.000000'),
(161, 2, 8, '2023-06-07 00:00:00.000000'),
(162, 2, 8, '2023-06-07 00:00:00.000000'),
(163, 2, 8, '2023-06-07 00:00:00.000000'),
(164, 2, 8, '2023-06-07 00:00:00.000000'),
(165, 2, 8, '2023-06-07 00:00:00.000000'),
(166, 2, 8, '2023-06-07 00:00:00.000000'),
(167, 2, 8, '2023-06-07 00:00:00.000000'),
(168, 2, 8, '2023-06-07 00:00:00.000000'),
(169, 2, 8, '2023-06-07 00:00:00.000000'),
(170, 2, 8, '2023-06-07 00:00:00.000000'),
(171, 2, 8, '2023-06-07 00:00:00.000000'),
(172, 2, 8, '2023-06-07 00:00:00.000000'),
(173, 2, 8, '2023-06-07 00:00:00.000000'),
(174, 2, 8, '2023-06-07 00:00:00.000000'),
(175, 2, 8, '2023-06-07 00:00:00.000000'),
(176, 2, 8, '2023-06-07 00:00:00.000000'),
(177, 2, 8, '2023-06-07 00:00:00.000000'),
(178, 2, 8, '2023-06-07 00:00:00.000000'),
(179, 2, 8, '2023-06-07 00:00:00.000000'),
(180, 2, 8, '2023-06-07 00:00:00.000000'),
(181, 2, 8, '2023-06-07 00:00:00.000000'),
(182, 2, 8, '2023-06-07 00:00:00.000000'),
(183, 2, 8, '2023-06-08 00:00:00.000000'),
(184, 2, 8, '2023-06-08 00:00:00.000000'),
(185, 2, 8, '2023-06-08 00:00:00.000000'),
(186, 3, 6, '2023-06-08 00:00:00.000000'),
(187, 3, 6, '2023-06-08 00:00:00.000000'),
(188, 2, 8, '2023-06-08 00:00:00.000000'),
(189, 3, 6, '2023-06-08 00:00:00.000000'),
(190, 3, 6, '2023-06-08 00:00:00.000000'),
(191, 3, 6, '2023-06-08 00:00:00.000000'),
(192, 2, 8, '2023-06-08 00:00:00.000000'),
(193, 2, 8, '2023-06-08 00:00:00.000000'),
(194, 2, 8, '2023-06-09 00:00:00.000000'),
(195, 2, 8, '2023-06-09 00:00:00.000000'),
(196, 2, 8, '2023-06-09 00:00:00.000000'),
(197, 2, 8, '2023-06-09 00:00:00.000000'),
(198, 2, 8, '2023-06-09 00:00:00.000000'),
(199, 2, 8, '2023-06-09 00:00:00.000000'),
(200, 2, 8, '2023-06-09 00:00:00.000000'),
(201, 2, 8, '2023-06-09 00:00:00.000000'),
(202, 2, 8, '2023-06-09 00:00:00.000000'),
(203, 2, 8, '2023-06-09 00:00:00.000000'),
(204, 2, 7, '2023-06-09 00:00:00.000000'),
(205, 2, 7, '2023-06-09 00:00:00.000000'),
(206, 2, 7, '2023-06-09 00:00:00.000000'),
(207, 2, 7, '2023-06-09 00:00:00.000000'),
(208, 2, 7, '2023-06-09 00:00:00.000000'),
(209, 3, 6, '2023-06-09 00:00:00.000000'),
(210, 3, 6, '2023-06-09 00:00:00.000000'),
(211, 3, 6, '2023-06-09 00:00:00.000000'),
(212, 2, 7, '2023-06-10 00:00:00.000000'),
(213, 2, 8, '2023-06-10 00:00:00.000000'),
(214, 3, 6, '2023-06-10 00:00:00.000000'),
(215, 3, 6, '2023-06-10 00:00:00.000000'),
(216, 3, 6, '2023-06-10 00:00:00.000000'),
(217, 3, 6, '2023-06-10 00:00:00.000000'),
(218, 3, 6, '2023-06-10 00:00:00.000000'),
(219, 3, 6, '2023-06-10 00:00:00.000000'),
(220, 3, 6, '2023-06-10 00:00:00.000000'),
(221, 3, 6, '2023-06-10 00:00:00.000000'),
(222, 2, 8, '2023-06-10 00:00:00.000000'),
(223, 2, 8, '2023-06-10 00:00:00.000000'),
(224, 2, 8, '2023-06-10 00:00:00.000000'),
(225, 2, 8, '2023-06-10 00:00:00.000000'),
(226, 2, 8, '2023-06-10 00:00:00.000000'),
(227, 2, 8, '2023-06-10 00:00:00.000000'),
(228, 2, 8, '2023-06-10 00:00:00.000000'),
(229, 2, 8, '2023-06-10 00:00:00.000000'),
(230, 2, 8, '2023-06-10 00:00:00.000000'),
(231, 2, 8, '2023-06-10 00:00:00.000000'),
(232, 2, 8, '2023-06-10 00:00:00.000000'),
(233, 2, 8, '2023-06-10 00:00:00.000000'),
(234, 2, 8, '2023-06-10 00:00:00.000000'),
(235, 2, 8, '2023-06-10 00:00:00.000000'),
(236, 2, 8, '2023-06-10 00:00:00.000000'),
(237, 2, 8, '2023-06-10 00:00:00.000000'),
(238, 2, 8, '2023-06-10 00:00:00.000000'),
(239, 2, 8, '2023-06-10 00:00:00.000000'),
(240, 2, 8, '2023-06-10 00:00:00.000000'),
(241, 2, 8, '2023-06-10 00:00:00.000000'),
(242, 2, 8, '2023-06-10 00:00:00.000000'),
(243, 2, 8, '2023-06-10 00:00:00.000000'),
(244, 2, 8, '2023-06-10 00:00:00.000000'),
(245, 2, 8, '2023-06-10 00:00:00.000000'),
(246, 2, 8, '2023-06-10 00:00:00.000000'),
(247, 3, 6, '2023-06-10 00:00:00.000000'),
(248, 3, 6, '2023-06-10 00:00:00.000000'),
(249, 3, 6, '2023-06-10 00:00:00.000000'),
(250, 2, 8, '2023-06-10 00:00:00.000000'),
(251, 2, 8, '2023-06-10 00:00:00.000000'),
(252, 2, 8, '2023-06-10 00:00:00.000000'),
(253, 2, 8, '2023-06-10 00:00:00.000000'),
(254, 2, 8, '2023-06-10 00:00:00.000000'),
(255, 2, 8, '2023-06-10 00:00:00.000000'),
(256, 2, 8, '2023-06-10 00:00:00.000000'),
(257, 2, 8, '2023-06-10 00:00:00.000000'),
(258, 2, 8, '2023-06-10 00:00:00.000000'),
(259, 2, 8, '2023-06-10 00:00:00.000000'),
(260, 2, 8, '2023-06-10 00:00:00.000000'),
(261, 2, 8, '2023-06-10 00:00:00.000000'),
(262, 2, 8, '2023-06-10 00:00:00.000000'),
(263, 2, 8, '2023-06-10 00:00:00.000000'),
(264, 2, 8, '2023-06-10 00:00:00.000000'),
(265, 2, 8, '2023-06-10 00:00:00.000000'),
(266, 2, 8, '2023-06-10 00:00:00.000000'),
(267, 2, 8, '2023-06-10 00:00:00.000000'),
(268, 2, 8, '2023-06-10 00:00:00.000000'),
(269, 2, 8, '2023-06-10 00:00:00.000000'),
(270, 2, 8, '2023-06-10 00:00:00.000000'),
(271, 2, 8, '2023-06-10 00:00:00.000000'),
(272, 2, 8, '2023-06-10 00:00:00.000000'),
(273, 2, 8, '2023-06-10 00:00:00.000000'),
(274, 2, 8, '2023-06-10 00:00:00.000000'),
(275, 2, 8, '2023-06-10 00:00:00.000000'),
(276, 2, 8, '2023-06-10 00:00:00.000000'),
(277, 2, 8, '2023-06-10 00:00:00.000000'),
(278, 2, 8, '2023-06-10 00:00:00.000000'),
(279, 2, 8, '2023-06-10 00:00:00.000000'),
(280, 2, 8, '2023-06-10 00:00:00.000000'),
(281, 2, 8, '2023-06-10 00:00:00.000000'),
(282, 2, 8, '2023-06-10 00:00:00.000000'),
(283, 2, 8, '2023-06-10 00:00:00.000000'),
(284, 2, 8, '2023-06-10 00:00:00.000000'),
(285, 2, 8, '2023-06-10 00:00:00.000000'),
(286, 2, 8, '2023-06-10 00:00:00.000000'),
(287, 2, 8, '2023-06-10 00:00:00.000000'),
(288, 2, 8, '2023-06-10 00:00:00.000000'),
(289, 2, 8, '2023-06-10 00:00:00.000000'),
(290, 2, 8, '2023-06-10 00:00:00.000000'),
(291, 2, 8, '2023-06-10 00:00:00.000000'),
(292, 2, 8, '2023-06-10 00:00:00.000000'),
(293, 2, 8, '2023-06-10 00:00:00.000000'),
(294, 2, 8, '2023-06-10 00:00:00.000000'),
(295, 2, 8, '2023-06-10 00:00:00.000000'),
(296, 2, 8, '2023-06-10 00:00:00.000000'),
(297, 2, 8, '2023-06-10 00:00:00.000000'),
(298, 2, 8, '2023-06-10 00:00:00.000000'),
(299, 2, 8, '2023-06-10 00:00:00.000000'),
(300, 3, 6, '2023-06-10 00:00:00.000000'),
(301, 2, 7, '2023-06-10 00:00:00.000000'),
(302, 2, 7, '2023-06-10 00:00:00.000000'),
(303, 2, 7, '2023-06-10 00:00:00.000000'),
(304, 2, 7, '2023-06-10 00:00:00.000000'),
(305, 2, 7, '2023-06-10 00:00:00.000000'),
(306, 2, 7, '2023-06-10 00:00:00.000000'),
(307, 2, 8, '2023-06-10 00:00:00.000000'),
(308, 2, 8, '2023-06-10 00:00:00.000000'),
(309, 2, 7, '2023-06-10 00:00:00.000000'),
(310, 2, 8, '2023-06-10 00:00:00.000000'),
(311, 2, 8, '2023-06-10 00:00:00.000000'),
(312, 2, 8, '2023-06-10 00:00:00.000000'),
(313, 2, 8, '2023-06-10 00:00:00.000000'),
(314, 2, 8, '2023-06-10 00:00:00.000000'),
(315, 2, 8, '2023-06-10 00:00:00.000000'),
(316, 2, 8, '2023-06-10 00:00:00.000000'),
(317, 2, 8, '2023-06-10 00:00:00.000000'),
(318, 2, 8, '2023-06-10 00:00:00.000000'),
(319, 3, 6, '2023-06-11 00:00:00.000000'),
(320, 2, 8, '2023-06-11 00:00:00.000000'),
(321, 2, 8, '2023-06-11 00:00:00.000000'),
(322, 2, 8, '2023-06-11 00:00:00.000000'),
(323, 2, 8, '2023-06-11 00:00:00.000000'),
(324, 3, 6, '2023-06-11 00:00:00.000000'),
(325, 2, 8, '2023-06-11 00:00:00.000000'),
(326, 2, 8, '2023-06-11 00:00:00.000000'),
(327, 2, 8, '2023-06-11 00:00:00.000000'),
(328, 2, 8, '2023-06-11 00:00:00.000000'),
(329, 2, 8, '2023-06-11 00:00:00.000000'),
(330, 2, 8, '2023-06-11 00:00:00.000000'),
(331, 3, 6, '2023-06-11 00:00:00.000000'),
(332, 2, 8, '2023-06-11 00:00:00.000000'),
(333, 3, 6, '2023-06-11 00:00:00.000000'),
(334, 2, 8, '2023-06-11 00:00:00.000000'),
(335, 2, 8, '2023-06-11 00:00:00.000000'),
(336, 2, 7, '2023-06-11 00:00:00.000000'),
(337, 2, 8, '2023-06-12 00:00:00.000000'),
(338, 3, 6, '2023-06-13 00:00:00.000000'),
(339, 3, 6, '2023-06-13 00:00:00.000000'),
(340, 3, 6, '2023-06-13 00:00:00.000000'),
(341, 3, 6, '2023-06-13 00:00:00.000000'),
(342, 3, 6, '2023-06-13 00:00:00.000000'),
(343, 3, 6, '2023-06-13 00:00:00.000000'),
(344, 3, 6, '2023-06-13 00:00:00.000000'),
(345, 3, 6, '2023-06-13 00:00:00.000000'),
(346, 3, 6, '2023-06-13 00:00:00.000000'),
(347, 3, 6, '2023-06-13 00:00:00.000000'),
(348, 3, 6, '2023-06-13 00:00:00.000000'),
(349, 3, 6, '2023-06-13 00:00:00.000000'),
(350, 3, 6, '2023-06-13 00:00:00.000000'),
(351, 3, 6, '2023-06-13 00:00:00.000000'),
(352, 3, 6, '2023-06-13 00:00:00.000000'),
(353, 3, 6, '2023-06-13 00:00:00.000000'),
(354, 3, 6, '2023-06-13 00:00:00.000000'),
(355, 3, 6, '2023-06-13 00:00:00.000000'),
(356, 3, 6, '2023-06-13 00:00:00.000000'),
(357, 3, 6, '2023-06-13 00:00:00.000000'),
(358, 3, 6, '2023-06-13 00:00:00.000000'),
(359, 3, 6, '2023-06-13 00:00:00.000000'),
(360, 3, 6, '2023-06-13 00:00:00.000000'),
(361, 3, 6, '2023-06-13 00:00:00.000000'),
(362, 3, 6, '2023-06-13 00:00:00.000000'),
(363, 3, 6, '2023-06-13 00:00:00.000000'),
(364, 3, 6, '2023-06-13 00:00:00.000000'),
(365, 3, 6, '2023-06-13 00:00:00.000000'),
(366, 3, 6, '2023-06-13 00:00:00.000000'),
(367, 3, 6, '2023-06-13 00:00:00.000000'),
(368, 3, 6, '2023-06-13 00:00:00.000000'),
(369, 3, 6, '2023-06-13 00:00:00.000000'),
(370, 3, 6, '2023-06-13 00:00:00.000000'),
(371, 2, 8, '2023-06-13 00:00:00.000000'),
(372, 3, 6, '2023-06-13 00:00:00.000000'),
(373, 3, 6, '2023-06-13 00:00:00.000000'),
(374, 3, 6, '2023-06-13 00:00:00.000000'),
(375, 3, 6, '2023-06-13 00:00:00.000000'),
(376, 3, 6, '2023-06-13 00:00:00.000000'),
(377, 3, 6, '2023-06-13 00:00:00.000000'),
(378, 3, 6, '2023-06-13 00:00:00.000000'),
(379, 3, 6, '2023-06-13 00:00:00.000000'),
(380, 3, 6, '2023-06-13 00:00:00.000000'),
(381, 3, 6, '2023-06-13 00:00:00.000000'),
(382, 3, 6, '2023-06-13 00:00:00.000000'),
(383, 3, 6, '2023-06-13 00:00:00.000000'),
(384, 3, 6, '2023-06-13 00:00:00.000000'),
(385, 3, 6, '2023-06-13 00:00:00.000000'),
(386, 3, 6, '2023-06-13 00:00:00.000000'),
(387, 3, 6, '2023-06-13 00:00:00.000000'),
(388, 3, 6, '2023-06-13 00:00:00.000000'),
(389, 3, 6, '2023-06-13 00:00:00.000000'),
(390, 3, 6, '2023-06-13 00:00:00.000000'),
(391, 3, 6, '2023-06-13 00:00:00.000000'),
(392, 3, 6, '2023-06-13 00:00:00.000000'),
(393, 3, 6, '2023-06-13 00:00:00.000000'),
(394, 3, 6, '2023-06-13 00:00:00.000000'),
(395, 3, 6, '2023-06-13 00:00:00.000000'),
(396, 3, 6, '2023-06-13 00:00:00.000000'),
(397, 3, 6, '2023-06-13 00:00:00.000000'),
(398, 3, 6, '2023-06-13 00:00:00.000000'),
(399, 3, 6, '2023-06-13 00:00:00.000000'),
(400, 3, 6, '2023-06-13 00:00:00.000000'),
(401, 3, 6, '2023-06-13 00:00:00.000000'),
(402, 3, 6, '2023-06-13 00:00:00.000000'),
(403, 3, 6, '2023-06-13 00:00:00.000000'),
(404, 3, 6, '2023-06-13 00:00:00.000000'),
(405, 3, 6, '2023-06-13 00:00:00.000000'),
(406, 3, 6, '2023-06-13 00:00:00.000000'),
(407, 3, 6, '2023-06-13 00:00:00.000000'),
(408, 3, 6, '2023-06-13 00:00:00.000000'),
(409, 3, 6, '2023-06-13 00:00:00.000000'),
(410, 3, 6, '2023-06-13 00:00:00.000000'),
(411, 3, 6, '2023-06-13 00:00:00.000000'),
(412, 3, 6, '2023-06-13 00:00:00.000000'),
(413, 3, 6, '2023-06-13 00:00:00.000000'),
(414, 3, 6, '2023-06-13 00:00:00.000000'),
(415, 3, 6, '2023-06-13 00:00:00.000000'),
(416, 3, 6, '2023-06-13 00:00:00.000000'),
(417, 3, 6, '2023-06-13 00:00:00.000000'),
(418, 3, 6, '2023-06-13 00:00:00.000000'),
(419, 3, 6, '2023-06-13 00:00:00.000000'),
(420, 3, 6, '2023-06-13 00:00:00.000000'),
(421, 3, 6, '2023-06-13 00:00:00.000000'),
(422, 3, 6, '2023-06-13 00:00:00.000000'),
(423, 3, 6, '2023-06-13 00:00:00.000000'),
(424, 3, 6, '2023-06-13 00:00:00.000000'),
(425, 3, 6, '2023-06-13 00:00:00.000000'),
(426, 3, 6, '2023-06-13 00:00:00.000000'),
(427, 3, 6, '2023-06-13 00:00:00.000000'),
(428, 3, 6, '2023-06-13 00:00:00.000000'),
(429, 3, 6, '2023-06-13 00:00:00.000000'),
(430, 3, 6, '2023-06-13 00:00:00.000000'),
(431, 3, 6, '2023-06-13 00:00:00.000000'),
(432, 3, 6, '2023-06-13 00:00:00.000000'),
(433, 3, 6, '2023-06-13 00:00:00.000000'),
(434, 3, 6, '2023-06-13 00:00:00.000000'),
(435, 3, 6, '2023-06-13 00:00:00.000000'),
(436, 3, 6, '2023-06-13 00:00:00.000000'),
(437, 3, 6, '2023-06-13 00:00:00.000000'),
(438, 3, 6, '2023-06-13 00:00:00.000000'),
(439, 3, 6, '2023-06-13 00:00:00.000000'),
(440, 3, 6, '2023-06-13 00:00:00.000000'),
(441, 3, 6, '2023-06-13 00:00:00.000000'),
(442, 3, 6, '2023-06-13 00:00:00.000000'),
(443, 3, 6, '2023-06-13 00:00:00.000000'),
(444, 3, 6, '2023-06-13 00:00:00.000000'),
(445, 3, 6, '2023-06-13 00:00:00.000000'),
(446, 3, 6, '2023-06-13 00:00:00.000000'),
(447, 3, 6, '2023-06-13 00:00:00.000000'),
(448, 3, 6, '2023-06-13 00:00:00.000000'),
(449, 3, 6, '2023-06-13 00:00:00.000000'),
(450, 3, 6, '2023-06-13 00:00:00.000000'),
(451, 3, 6, '2023-06-13 00:00:00.000000'),
(452, 3, 6, '2023-06-13 00:00:00.000000'),
(453, 3, 6, '2023-06-13 00:00:00.000000'),
(454, 3, 6, '2023-06-13 00:00:00.000000'),
(455, 3, 6, '2023-06-13 00:00:00.000000'),
(456, 3, 6, '2023-06-13 00:00:00.000000'),
(457, 3, 6, '2023-06-13 00:00:00.000000'),
(458, 3, 6, '2023-06-13 00:00:00.000000'),
(459, 3, 6, '2023-06-13 00:00:00.000000'),
(460, 3, 6, '2023-06-13 00:00:00.000000'),
(461, 3, 6, '2023-06-13 00:00:00.000000'),
(462, 3, 6, '2023-06-13 00:00:00.000000'),
(463, 3, 6, '2023-06-13 00:00:00.000000'),
(464, 3, 6, '2023-06-13 00:00:00.000000'),
(465, 3, 6, '2023-06-13 00:00:00.000000'),
(466, 3, 6, '2023-06-13 00:00:00.000000'),
(467, 3, 6, '2023-06-13 00:00:00.000000'),
(468, 3, 6, '2023-06-13 00:00:00.000000'),
(469, 3, 6, '2023-06-13 00:00:00.000000'),
(470, 3, 6, '2023-06-13 00:00:00.000000'),
(471, 3, 6, '2023-06-13 00:00:00.000000'),
(472, 3, 6, '2023-06-13 00:00:00.000000'),
(473, 3, 6, '2023-06-13 00:00:00.000000'),
(474, 3, 6, '2023-06-13 00:00:00.000000'),
(475, 3, 6, '2023-06-13 00:00:00.000000'),
(476, 3, 6, '2023-06-13 00:00:00.000000'),
(477, 3, 6, '2023-06-13 00:00:00.000000'),
(478, 3, 6, '2023-06-13 00:00:00.000000'),
(479, 3, 6, '2023-06-13 00:00:00.000000'),
(480, 3, 6, '2023-06-13 00:00:00.000000'),
(481, 3, 6, '2023-06-13 00:00:00.000000'),
(482, 3, 6, '2023-06-13 00:00:00.000000'),
(483, 3, 6, '2023-06-13 00:00:00.000000'),
(484, 3, 6, '2023-06-13 00:00:00.000000'),
(485, 3, 6, '2023-06-13 00:00:00.000000'),
(486, 3, 6, '2023-06-13 00:00:00.000000'),
(487, 3, 6, '2023-06-13 00:00:00.000000'),
(488, 3, 6, '2023-06-13 00:00:00.000000'),
(489, 3, 6, '2023-06-13 00:00:00.000000'),
(490, 3, 6, '2023-06-13 00:00:00.000000'),
(491, 3, 6, '2023-06-13 00:00:00.000000'),
(492, 3, 6, '2023-06-13 00:00:00.000000'),
(493, 3, 6, '2023-06-13 00:00:00.000000'),
(494, 3, 6, '2023-06-13 00:00:00.000000'),
(495, 3, 6, '2023-06-13 00:00:00.000000'),
(496, 3, 6, '2023-06-13 00:00:00.000000'),
(497, 3, 6, '2023-06-13 00:00:00.000000'),
(498, 3, 6, '2023-06-13 00:00:00.000000'),
(499, 3, 6, '2023-06-13 00:00:00.000000'),
(500, 3, 6, '2023-06-13 00:00:00.000000'),
(501, 3, 6, '2023-06-13 00:00:00.000000'),
(502, 3, 6, '2023-06-13 00:00:00.000000'),
(503, 3, 6, '2023-06-13 00:00:00.000000'),
(504, 3, 6, '2023-06-13 00:00:00.000000'),
(505, 3, 6, '2023-06-13 00:00:00.000000'),
(506, 3, 6, '2023-06-13 00:00:00.000000'),
(507, 3, 6, '2023-06-13 00:00:00.000000'),
(508, 3, 6, '2023-06-13 00:00:00.000000'),
(509, 3, 6, '2023-06-13 00:00:00.000000'),
(510, 3, 6, '2023-06-13 00:00:00.000000'),
(511, 3, 6, '2023-06-13 00:00:00.000000'),
(512, 3, 6, '2023-06-13 00:00:00.000000'),
(513, 3, 6, '2023-06-13 00:00:00.000000'),
(514, 3, 6, '2023-06-13 00:00:00.000000'),
(515, 3, 6, '2023-06-13 00:00:00.000000'),
(516, 3, 6, '2023-06-13 00:00:00.000000'),
(517, 3, 6, '2023-06-13 00:00:00.000000'),
(518, 3, 6, '2023-06-13 00:00:00.000000'),
(519, 3, 6, '2023-06-13 00:00:00.000000'),
(520, 3, 6, '2023-06-13 00:00:00.000000'),
(521, 3, 6, '2023-06-13 00:00:00.000000'),
(522, 3, 6, '2023-06-13 00:00:00.000000'),
(523, 3, 6, '2023-06-13 00:00:00.000000'),
(524, 3, 6, '2023-06-13 00:00:00.000000'),
(525, 3, 6, '2023-06-13 00:00:00.000000'),
(526, 3, 6, '2023-06-13 00:00:00.000000'),
(527, 3, 6, '2023-06-13 00:00:00.000000'),
(528, 3, 6, '2023-06-13 00:00:00.000000'),
(529, 3, 6, '2023-06-13 00:00:00.000000'),
(530, 3, 6, '2023-06-13 00:00:00.000000'),
(531, 3, 6, '2023-06-13 00:00:00.000000'),
(532, 3, 6, '2023-06-13 00:00:00.000000'),
(533, 3, 6, '2023-06-13 00:00:00.000000'),
(534, 3, 6, '2023-06-13 00:00:00.000000'),
(535, 3, 6, '2023-06-13 00:00:00.000000'),
(536, 3, 6, '2023-06-13 00:00:00.000000'),
(537, 3, 6, '2023-06-13 00:00:00.000000'),
(538, 3, 6, '2023-06-13 00:00:00.000000'),
(539, 3, 6, '2023-06-13 00:00:00.000000'),
(540, 3, 6, '2023-06-13 00:00:00.000000'),
(541, 3, 6, '2023-06-13 00:00:00.000000'),
(542, 3, 6, '2023-06-13 00:00:00.000000'),
(543, 3, 6, '2023-06-13 00:00:00.000000'),
(544, 3, 6, '2023-06-13 00:00:00.000000'),
(545, 3, 6, '2023-06-13 00:00:00.000000'),
(546, 3, 6, '2023-06-13 00:00:00.000000'),
(547, 3, 6, '2023-06-13 00:00:00.000000'),
(548, 3, 6, '2023-06-13 00:00:00.000000'),
(549, 3, 6, '2023-06-13 00:00:00.000000'),
(550, 3, 6, '2023-06-13 00:00:00.000000'),
(551, 3, 6, '2023-06-13 00:00:00.000000'),
(552, 3, 6, '2023-06-13 00:00:00.000000'),
(553, 3, 6, '2023-06-13 00:00:00.000000'),
(554, 3, 6, '2023-06-13 00:00:00.000000'),
(555, 3, 6, '2023-06-13 00:00:00.000000'),
(556, 3, 6, '2023-06-13 00:00:00.000000'),
(557, 3, 6, '2023-06-13 00:00:00.000000'),
(558, 3, 6, '2023-06-13 00:00:00.000000'),
(559, 3, 6, '2023-06-13 00:00:00.000000'),
(560, 3, 6, '2023-06-13 00:00:00.000000'),
(561, 3, 6, '2023-06-13 00:00:00.000000'),
(562, 3, 6, '2023-06-13 00:00:00.000000'),
(563, 3, 6, '2023-06-13 00:00:00.000000'),
(564, 3, 6, '2023-06-13 00:00:00.000000'),
(565, 3, 6, '2023-06-13 00:00:00.000000'),
(566, 3, 6, '2023-06-13 00:00:00.000000'),
(567, 3, 6, '2023-06-13 00:00:00.000000'),
(568, 3, 6, '2023-06-13 00:00:00.000000'),
(569, 3, 6, '2023-06-13 00:00:00.000000'),
(570, 3, 6, '2023-06-13 00:00:00.000000'),
(571, 3, 6, '2023-06-13 00:00:00.000000'),
(572, 3, 6, '2023-06-13 00:00:00.000000'),
(573, 3, 6, '2023-06-13 00:00:00.000000'),
(574, 3, 6, '2023-06-13 00:00:00.000000'),
(575, 3, 6, '2023-06-13 00:00:00.000000'),
(576, 3, 6, '2023-06-13 00:00:00.000000'),
(577, 3, 6, '2023-06-13 00:00:00.000000'),
(578, 3, 6, '2023-06-13 00:00:00.000000'),
(579, 3, 6, '2023-06-13 00:00:00.000000'),
(580, 3, 6, '2023-06-13 00:00:00.000000'),
(581, 3, 6, '2023-06-13 00:00:00.000000'),
(582, 3, 6, '2023-06-13 00:00:00.000000'),
(583, 3, 6, '2023-06-13 00:00:00.000000'),
(584, 3, 6, '2023-06-13 00:00:00.000000'),
(585, 3, 6, '2023-06-13 00:00:00.000000'),
(586, 3, 6, '2023-06-13 00:00:00.000000'),
(587, 3, 6, '2023-06-13 00:00:00.000000'),
(588, 3, 6, '2023-06-13 00:00:00.000000'),
(589, 3, 6, '2023-06-13 00:00:00.000000'),
(590, 3, 6, '2023-06-13 00:00:00.000000'),
(591, 3, 6, '2023-06-13 00:00:00.000000'),
(592, 3, 6, '2023-06-13 00:00:00.000000'),
(593, 3, 6, '2023-06-13 00:00:00.000000'),
(594, 3, 6, '2023-06-13 00:00:00.000000'),
(595, 3, 6, '2023-06-13 00:00:00.000000'),
(596, 3, 6, '2023-06-13 00:00:00.000000'),
(597, 2, 7, '2023-06-13 00:00:00.000000'),
(598, 3, 6, '2023-06-13 00:00:00.000000'),
(599, 3, 6, '2023-06-13 00:00:00.000000'),
(600, 3, 6, '2023-06-13 00:00:00.000000'),
(601, 3, 6, '2023-06-13 00:00:00.000000'),
(602, 3, 6, '2023-06-13 00:00:00.000000'),
(603, 3, 6, '2023-06-13 00:00:00.000000'),
(604, 3, 6, '2023-06-13 00:00:00.000000'),
(605, 3, 6, '2023-06-13 00:00:00.000000'),
(606, 3, 6, '2023-06-13 00:00:00.000000'),
(607, 3, 6, '2023-06-13 00:00:00.000000'),
(608, 3, 6, '2023-06-13 00:00:00.000000'),
(609, 3, 6, '2023-06-13 00:00:00.000000'),
(610, 3, 6, '2023-06-13 00:00:00.000000'),
(611, 3, 6, '2023-06-13 00:00:00.000000'),
(612, 3, 6, '2023-06-13 00:00:00.000000'),
(613, 3, 6, '2023-06-13 00:00:00.000000'),
(614, 3, 6, '2023-06-13 00:00:00.000000'),
(615, 3, 6, '2023-06-13 00:00:00.000000'),
(616, 3, 6, '2023-06-13 00:00:00.000000'),
(617, 3, 6, '2023-06-13 00:00:00.000000'),
(618, 3, 6, '2023-06-13 00:00:00.000000'),
(619, 3, 6, '2023-06-13 00:00:00.000000'),
(620, 3, 6, '2023-06-13 00:00:00.000000'),
(621, 3, 6, '2023-06-13 00:00:00.000000'),
(622, 3, 6, '2023-06-13 00:00:00.000000'),
(623, 3, 6, '2023-06-13 00:00:00.000000'),
(624, 3, 6, '2023-06-13 00:00:00.000000'),
(625, 3, 6, '2023-06-13 00:00:00.000000'),
(626, 3, 6, '2023-06-13 00:00:00.000000'),
(627, 3, 6, '2023-06-13 00:00:00.000000'),
(628, 3, 6, '2023-06-13 00:00:00.000000'),
(629, 3, 6, '2023-06-13 00:00:00.000000'),
(630, 3, 6, '2023-06-13 00:00:00.000000'),
(631, 3, 6, '2023-06-13 00:00:00.000000'),
(632, 3, 6, '2023-06-13 00:00:00.000000'),
(633, 3, 6, '2023-06-13 00:00:00.000000'),
(634, 3, 6, '2023-06-13 00:00:00.000000'),
(635, 3, 6, '2023-06-13 00:00:00.000000'),
(636, 3, 6, '2023-06-13 00:00:00.000000'),
(637, 3, 6, '2023-06-13 00:00:00.000000'),
(638, 3, 6, '2023-06-13 00:00:00.000000'),
(639, 3, 6, '2023-06-13 00:00:00.000000'),
(640, 3, 6, '2023-06-13 00:00:00.000000'),
(641, 3, 6, '2023-06-13 00:00:00.000000'),
(642, 3, 6, '2023-06-13 00:00:00.000000'),
(643, 3, 6, '2023-06-13 00:00:00.000000'),
(644, 3, 6, '2023-06-13 00:00:00.000000'),
(645, 3, 6, '2023-06-13 00:00:00.000000'),
(646, 3, 6, '2023-06-13 00:00:00.000000'),
(647, 3, 6, '2023-06-13 00:00:00.000000'),
(648, 3, 6, '2023-06-13 00:00:00.000000'),
(649, 3, 6, '2023-06-13 00:00:00.000000'),
(650, 3, 6, '2023-06-13 00:00:00.000000'),
(651, 3, 6, '2023-06-13 00:00:00.000000'),
(652, 3, 6, '2023-06-13 00:00:00.000000'),
(653, 3, 6, '2023-06-13 00:00:00.000000'),
(654, 3, 6, '2023-06-13 00:00:00.000000'),
(655, 3, 6, '2023-06-13 00:00:00.000000'),
(656, 3, 6, '2023-06-13 00:00:00.000000'),
(657, 3, 6, '2023-06-13 00:00:00.000000'),
(658, 3, 6, '2023-06-13 00:00:00.000000'),
(659, 3, 6, '2023-06-13 00:00:00.000000'),
(660, 3, 6, '2023-06-13 00:00:00.000000'),
(661, 3, 6, '2023-06-13 00:00:00.000000'),
(662, 3, 6, '2023-06-13 00:00:00.000000'),
(663, 3, 6, '2023-06-13 00:00:00.000000'),
(664, 3, 6, '2023-06-13 00:00:00.000000'),
(665, 2, 8, '2023-06-13 00:00:00.000000'),
(666, 3, 6, '2023-06-13 00:00:00.000000'),
(667, 3, 6, '2023-06-13 00:00:00.000000'),
(668, 3, 6, '2023-06-13 00:00:00.000000'),
(669, 3, 6, '2023-06-13 00:00:00.000000'),
(670, 2, 8, '2023-06-13 00:00:00.000000'),
(671, 2, 7, '2023-06-13 00:00:00.000000'),
(672, 2, 7, '2023-06-13 00:00:00.000000'),
(673, 2, 7, '2023-06-13 00:00:00.000000'),
(674, 2, 7, '2023-06-13 00:00:00.000000'),
(675, 2, 7, '2023-06-13 00:00:00.000000'),
(676, 2, 7, '2023-06-13 00:00:00.000000'),
(677, 2, 7, '2023-06-13 00:00:00.000000'),
(678, 2, 7, '2023-06-13 00:00:00.000000'),
(679, 2, 7, '2023-06-13 00:00:00.000000'),
(680, 2, 7, '2023-06-13 00:00:00.000000'),
(681, 2, 7, '2023-06-13 00:00:00.000000'),
(682, 2, 7, '2023-06-13 00:00:00.000000'),
(683, 2, 7, '2023-06-13 00:00:00.000000'),
(684, 2, 7, '2023-06-13 00:00:00.000000'),
(685, 2, 7, '2023-06-13 00:00:00.000000'),
(686, 2, 7, '2023-06-13 00:00:00.000000'),
(687, 2, 7, '2023-06-13 00:00:00.000000'),
(688, 2, 7, '2023-06-13 00:00:00.000000'),
(689, 2, 7, '2023-06-13 00:00:00.000000'),
(690, 3, 6, '2023-06-13 00:00:00.000000'),
(691, 3, 6, '2023-06-13 00:00:00.000000'),
(692, 3, 6, '2023-06-13 00:00:00.000000'),
(693, 3, 6, '2023-06-13 00:00:00.000000'),
(694, 3, 6, '2023-06-13 00:00:00.000000'),
(695, 2, 8, '2023-06-13 00:00:00.000000'),
(696, 2, 8, '2023-06-13 00:00:00.000000'),
(697, 2, 8, '2023-06-13 00:00:00.000000'),
(698, 2, 8, '2023-06-13 00:00:00.000000'),
(699, 2, 8, '2023-06-13 00:00:00.000000'),
(700, 2, 8, '2023-06-13 00:00:00.000000'),
(701, 2, 8, '2023-06-13 00:00:00.000000'),
(702, 3, 6, '2023-06-14 00:00:00.000000'),
(703, 2, 8, '2023-06-14 00:00:00.000000'),
(704, 2, 7, '2023-06-14 00:00:00.000000'),
(705, 2, 8, '2023-06-14 00:00:00.000000'),
(706, 3, 6, '2023-06-14 00:00:00.000000'),
(707, 3, 6, '2023-06-14 00:00:00.000000'),
(708, 3, 6, '2023-06-14 00:00:00.000000'),
(709, 3, 6, '2023-06-14 00:00:00.000000'),
(710, 2, 8, '2023-06-14 00:00:00.000000'),
(711, 2, 8, '2023-06-14 00:00:00.000000'),
(712, 2, 8, '2023-06-15 00:00:00.000000'),
(713, 3, 6, '2023-06-15 00:00:00.000000'),
(714, 3, 6, '2023-06-15 00:00:00.000000'),
(715, 2, 8, '2023-06-19 00:00:00.000000'),
(716, 2, 8, '2023-06-19 00:00:00.000000'),
(717, 2, 8, '2023-06-19 00:00:00.000000'),
(718, 2, 8, '2023-06-19 00:00:00.000000'),
(719, 2, 8, '2023-06-19 00:00:00.000000'),
(720, 2, 8, '2023-06-19 00:00:00.000000'),
(721, 2, 8, '2023-06-19 00:00:00.000000'),
(722, 2, 8, '2023-06-19 00:00:00.000000'),
(723, 2, 8, '2023-06-19 00:00:00.000000'),
(724, 2, 8, '2023-06-19 00:00:00.000000'),
(725, 3, 6, '2023-06-19 00:00:00.000000'),
(726, 2, 7, '2023-06-19 00:00:00.000000');

-- --------------------------------------------------------

--
-- Table structure for table `users`
--

CREATE TABLE `users` (
  `id` int(11) NOT NULL,
  `timest` timestamp NOT NULL DEFAULT current_timestamp(),
  `google_id` varchar(250) NOT NULL,
  `email` varchar(250) NOT NULL,
  `user_name` varchar(250) NOT NULL,
  `image` text NOT NULL,
  `password` varchar(250) NOT NULL,
  `request_token` varchar(255) NOT NULL,
  `type` tinyint(4) NOT NULL COMMENT '1 = adminuser, 2 = normaluser'
) ENGINE=MyISAM DEFAULT CHARSET=utf8 COLLATE=utf8_general_ci;

--
-- Dumping data for table `users`
--

INSERT INTO `users` (`id`, `timest`, `google_id`, `email`, `user_name`, `image`, `password`, `request_token`, `type`) VALUES
(1, '2023-03-01 05:29:35', '', '', 'admin', '', '$2y$10$vFajGFE2OSJNIiMRmlBtxOoCMo8BCX9GjsMlnUxjszgG4fNT7jlma', 'IMXfgUSO9pKZm5j', 1),
(8, '2023-06-09 06:13:27', '110304150708140191705', 'miriambell1976@gmail.com', 'Miriam Bell', '', '$2y$10$S/e/smZdA.Vo.dEA.5.sS.YvphqVlSyqBh58gecM.hUQ8ZESl4RKe', 'hI1ABIBIk4oyRBR', 2),
(9, '2023-06-09 06:17:57', '104954272107882631137', 'lakshmilakshmill842588@gmail.com', 'Lakshmi Lakshmi', '', '$2y$10$4kc74fUjmVlZMv.3yoFWWehQo3mFD.lQ3aCYcaMoCPDCgDx5xRG36', '7sXSTFvXnAigFPX', 2);

--
-- Indexes for dumped tables
--

--
-- Indexes for table `category`
--
ALTER TABLE `category`
  ADD PRIMARY KEY (`id`);

--
-- Indexes for table `comment`
--
ALTER TABLE `comment`
  ADD PRIMARY KEY (`id`);

--
-- Indexes for table `images`
--
ALTER TABLE `images`
  ADD PRIMARY KEY (`id`);

--
-- Indexes for table `person`
--
ALTER TABLE `person`
  ADD PRIMARY KEY (`id`);

--
-- Indexes for table `slider_img`
--
ALTER TABLE `slider_img`
  ADD PRIMARY KEY (`id`);

--
-- Indexes for table `top_view`
--
ALTER TABLE `top_view`
  ADD PRIMARY KEY (`id`);

--
-- Indexes for table `users`
--
ALTER TABLE `users`
  ADD PRIMARY KEY (`id`);

--
-- AUTO_INCREMENT for dumped tables
--

--
-- AUTO_INCREMENT for table `category`
--
ALTER TABLE `category`
  MODIFY `id` int(11) NOT NULL AUTO_INCREMENT, AUTO_INCREMENT=4;

--
-- AUTO_INCREMENT for table `comment`
--
ALTER TABLE `comment`
  MODIFY `id` int(11) NOT NULL AUTO_INCREMENT, AUTO_INCREMENT=5;

--
-- AUTO_INCREMENT for table `images`
--
ALTER TABLE `images`
  MODIFY `id` int(11) NOT NULL AUTO_INCREMENT, AUTO_INCREMENT=17;

--
-- AUTO_INCREMENT for table `person`
--
ALTER TABLE `person`
  MODIFY `id` int(11) NOT NULL AUTO_INCREMENT, AUTO_INCREMENT=9;

--
-- AUTO_INCREMENT for table `slider_img`
--
ALTER TABLE `slider_img`
  MODIFY `id` int(11) NOT NULL AUTO_INCREMENT, AUTO_INCREMENT=5;

--
-- AUTO_INCREMENT for table `top_view`
--
ALTER TABLE `top_view`
  MODIFY `id` int(11) NOT NULL AUTO_INCREMENT, AUTO_INCREMENT=727;

--
-- AUTO_INCREMENT for table `users`
--
ALTER TABLE `users`
  MODIFY `id` int(11) NOT NULL AUTO_INCREMENT, AUTO_INCREMENT=10;
COMMIT;

/*!40101 SET CHARACTER_SET_CLIENT=@OLD_CHARACTER_SET_CLIENT */;
/*!40101 SET CHARACTER_SET_RESULTS=@OLD_CHARACTER_SET_RESULTS */;
/*!40101 SET COLLATION_CONNECTION=@OLD_COLLATION_CONNECTION */;
